Customer_ID,Acquisition_Date,Marketing_Channel,Marketing_Spend,Region
CX4857285947,2022-01-01 00:54:55,Influencers,4475.39,South
CX6990356569,2022-01-01 22:35:54,Social Media,3262.53,East
CX9338210659,2022-01-03 02:41:27,Email,785,North
CX5896572260,2022-01-04 04:14:50,Email,1856.76,North
CX1734272558,2022-01-04 20:26:30,Paid Search,4273.7,South
CX7292561057,2022-01-05 08:01:28,Influencers,4459.32,East
CX4140145891,2022-01-05 23:14:03,Social Media,4697.93,West
CX6696029423,2022-01-07 01:40:44,Email,3097.88,South
CX1368771117,2022-01-08 03:44:45,TV Ads,2701.81,North
CX7010324074,2022-01-11 01:15:44,Influencers,1703.2,South
CX5294168708,2022-01-12 01:11:33,TV Ads,1740.41,West
CX1684235976,2022-01-12 06:10:55,TV Ads,4843.54,West
CX5327443458,2022-01-12 08:59:19,Influencers,4408.12,South
CX1847003177,2022-01-13 07:27:13,TV Ads,2624.59,East
CX4958616736,2022-01-14 10:31:43,Social Media,513.49,West
CX1651497125,2022-01-14 18:11:49,TV Ads,3414.35,East
CX9692618892,2022-01-15 18:56:51,Paid Search,4195.6,East
CX4383298076,2022-01-16 02:18:32,Social Media,4557.23,North
CX3458178282,2022-01-17 17:34:19,Paid Search,1384.29,East
CX5301502875,2022-01-17 19:24:44,Social Media,4909.36,South
CX7598897927,2022-01-18 03:40:12,Email,609.38,West
CX8695960684,2022-01-25 18:29:03,Influencers,3555.35,East
CX2708080837,2022-01-26 21:01:48,Influencers,1345.81,South
CX6071882439,2022-01-27 13:12:24,Paid Search,1130.34,West
CX2230651682,2022-01-28 14:46:01,Email,2729.92,North
CX1616064995,2022-01-29 11:00:40,Email,2042.49,East
CX1792209435,2022-01-31 02:48:38,TV Ads,4308.16,South
CX5363487431,2022-01-31 10:00:58,Influencers,1976.53,South
CX6073412284,2022-02-01 19:16:32,Influencers,811.8,East
CX7928747426,2022-02-03 03:28:21,Influencers,2336.73,East
CX4366444331,2022-02-03 07:51:29,Email,3763.55,West
CX5103989687,2022-02-03 08:27:39,Email,3578.31,West
CX9033891359,2022-02-04 11:38:57,Influencers,4187.59,North
CX6026970054,2022-02-04 22:56:13,Social Media,1871.56,East
CX7141092798,2022-02-05 03:13:11,TV Ads,1549.17,North
CX6620056456,2022-02-06 10:47:19,TV Ads,2941.33,South
CX3212108366,2022-02-08 23:24:28,Influencers,3109.55,East
CX3036360625,2022-02-10 14:08:25,Paid Search,1550.62,East
CX2921799541,2022-02-12 11:06:47,Social Media,4847.43,North
CX4082945441,2022-02-13 01:04:46,TV Ads,3194.25,North
CX6352579199,2022-02-13 22:14:15,Social Media,2489.16,South
CX1899723637,2022-02-14 11:59:39,Email,1891.48,East
CX7710122543,2022-02-14 22:32:12,TV Ads,3430.19,North
CX7616954049,2022-02-17 03:50:55,Email,4320.58,West
CX8056594558,2022-02-18 20:22:49,Paid Search,569.28,West
CX6788546794,2022-02-19 02:40:40,Influencers,2301.53,South
CX4382838208,2022-02-19 10:30:14,Email,1656.97,South
CX1118474965,2022-02-19 15:36:53,Email,1368.55,South
CX4104136108,2022-02-19 16:36:36,Email,3213.53,North
CX6024305502,2022-02-22 03:26:03,Social Media,1932.47,South
CX7349695417,2022-02-25 06:18:42,TV Ads,3617.21,South
CX3572961627,2022-02-25 14:08:58,Influencers,4833.13,West
CX9167401991,2022-02-26 02:02:45,TV Ads,4873.02,South
CX4473474790,2022-02-26 11:12:23,Paid Search,714.69,South
CX3447757877,2022-02-27 20:02:15,Social Media,4544.35,East
CX1033404559,2022-02-28 04:39:07,Paid Search,1432.37,South
CX7782207722,2022-03-02 04:56:08,TV Ads,3781.13,North
CX7796525772,2022-03-02 05:00:28,Influencers,906.24,West
CX8040705686,2022-03-02 23:24:09,TV Ads,1529.19,West
CX7547008950,2022-03-04 06:12:14,TV Ads,4994.36,North
CX6566108030,2022-03-04 08:16:20,Paid Search,4851.4,West
CX4205281745,2022-03-04 09:47:44,Paid Search,4634.46,East
CX2957170867,2022-03-04 17:34:10,Social Media,3802.24,East
CX2896496910,2022-03-05 05:27:22,Email,4873.48,North
CX8473341770,2022-03-06 09:19:26,Influencers,2440.85,North
CX1049452645,2022-03-06 11:46:06,Email,1959.87,East
CX9570719372,2022-03-06 21:10:38,Social Media,3645.91,West
CX3911015393,2022-03-07 00:44:29,Social Media,2975.78,South
CX4938549461,2022-03-09 01:44:08,Paid Search,1833.62,North
CX9636223849,2022-03-09 13:03:34,Paid Search,3237.68,North
CX7882421855,2022-03-10 06:36:58,TV Ads,548.9,South
CX7298618056,2022-03-12 16:00:58,Influencers,1340.31,West
CX2377200138,2022-03-13 12:28:19,Influencers,1922.19,West
CX8528967642,2022-03-15 08:53:01,TV Ads,1665.04,South
CX7440225034,2022-03-15 14:20:38,Influencers,851.12,West
CX3710464537,2022-03-16 05:14:51,Social Media,3246.54,South
CX2669825274,2022-03-16 09:07:04,Influencers,4345.18,North
CX4992389692,2022-03-16 16:47:34,Influencers,2415.22,North
CX7696198120,2022-03-16 19:59:54,TV Ads,1013.13,East
CX4185248105,2022-03-18 04:47:46,Paid Search,3454.06,South
CX8363916372,2022-03-18 14:54:04,Social Media,4415.78,South
CX9396705858,2022-03-18 18:35:39,Email,3949.63,West
CX7894829023,2022-03-19 18:06:16,TV Ads,4999.68,West
CX5348591657,2022-03-21 10:05:37,Paid Search,3134.95,East
CX7573086969,2022-03-22 02:13:29,Email,2349.22,West
CX7142992014,2022-03-22 15:28:10,Email,705.31,East
CX9991549296,2022-03-24 20:52:29,Social Media,4709.94,North
CX1635156158,2022-03-25 01:59:15,Paid Search,3616.21,East
CX9450279819,2022-03-25 18:32:50,Email,4028.37,East
CX7428382506,2022-03-26 18:54:32,Influencers,958.86,West
CX8641913178,2022-03-27 23:08:22,Email,3399.64,South
CX6168689898,2022-03-30 06:53:18,Email,1716.27,East
CX4473412270,2022-03-30 09:23:52,Paid Search,2784.39,East
CX1014284241,2022-03-31 09:26:12,Social Media,4656.54,East
CX3345243992,2022-04-01 16:27:39,Social Media,3079.57,West
CX3653169486,2022-04-03 23:04:49,Social Media,4369.96,West
CX6046453833,2022-04-03 23:21:56,TV Ads,1965.3,East
CX8133806707,2022-04-06 15:39:17,TV Ads,4717.62,East
CX3489017501,2022-04-06 20:27:57,Paid Search,2018.71,West
CX7760346999,2022-04-06 21:43:03,Social Media,2198.03,West
CX3627848222,2022-04-07 01:12:21,Influencers,3598.14,West
CX7868800301,2022-04-09 02:36:37,TV Ads,2878.13,South
CX8623147926,2022-04-09 15:40:10,Social Media,4995.45,West
CX1097198092,2022-04-10 05:16:35,Influencers,1548.99,North
CX8525122104,2022-04-12 05:15:00,Influencers,802.99,West
CX7330765806,2022-04-13 07:34:51,Paid Search,4631.39,South
CX9877896181,2022-04-14 10:13:20,Paid Search,3232.77,South
CX8525660219,2022-04-14 12:11:59,Paid Search,929.93,East
CX2254104005,2022-04-17 04:22:59,TV Ads,4567.68,West
CX5297835653,2022-04-19 12:16:16,Social Media,4284.6,West
CX1760280397,2022-04-21 06:50:25,Influencers,3119.78,West
CX9795306237,2022-04-21 12:50:02,Social Media,1813.03,East
CX8834055701,2022-04-22 07:12:57,Influencers,1644.93,West
CX8899435805,2022-04-25 00:42:51,Email,4399.97,South
CX7485475759,2022-04-26 03:02:37,Social Media,813.82,South
CX5335101094,2022-04-29 13:06:50,Paid Search,1137.59,South
CX5343682829,2022-05-02 02:26:56,Social Media,1517.48,East
CX8868628111,2022-05-03 10:31:01,Paid Search,1269.29,North
CX6061295850,2022-05-03 16:34:35,Paid Search,1509.9,North
CX3175401129,2022-05-08 16:57:10,Email,3851.83,East
CX4255517293,2022-05-09 10:10:37,Influencers,1028.1,South
CX5585851075,2022-05-09 19:52:20,Social Media,3164.5,West
CX5093155368,2022-05-12 00:23:42,Email,1791.63,North
CX9160837815,2022-05-13 07:19:49,TV Ads,1838.88,East
CX1794397620,2022-05-14 02:06:04,Paid Search,2854.57,North
CX7369070574,2022-05-14 15:52:53,Email,4240.32,West
CX3272133373,2022-05-14 21:55:06,Influencers,4288.14,North
CX9844417616,2022-05-15 05:55:04,Paid Search,1116.51,East
CX2890025179,2022-05-16 19:36:37,Social Media,1129.13,East
CX5394419162,2022-05-16 21:43:45,Influencers,3047.69,South
CX1544009583,2022-05-17 00:30:26,Paid Search,1874.8,South
CX4507279480,2022-05-18 14:37:23,Influencers,3195.64,South
CX3277348712,2022-05-18 18:54:31,TV Ads,2696.19,North
CX9148898967,2022-05-19 16:13:18,Influencers,1766.28,West
CX6133206347,2022-05-19 23:49:15,Email,3233.06,East
CX3038477590,2022-05-21 11:32:02,Influencers,2445.95,South
CX8574265004,2022-05-21 22:29:53,Email,1564.63,West
CX8918634176,2022-05-22 00:40:47,Paid Search,2256.69,East
CX6206057828,2022-05-22 22:53:01,Email,2033.84,South
CX8722848493,2022-05-25 11:53:04,Paid Search,1404.3,East
CX4393955835,2022-05-25 22:17:16,Social Media,4112.01,North
CX8397125601,2022-05-26 07:53:19,Paid Search,4967.54,West
CX6230276482,2022-05-26 09:37:33,Paid Search,2571.28,East
CX4774819932,2022-05-26 14:11:33,TV Ads,1633.45,East
CX3420050738,2022-05-28 20:07:42,Email,4204.42,East
CX9437704558,2022-05-28 21:54:04,Email,2323.69,North
CX8393235469,2022-05-29 00:04:31,TV Ads,3568.13,North
CX1426125165,2022-05-29 11:05:17,TV Ads,3848.09,West
CX1731220569,2022-05-29 16:24:40,Influencers,4143.66,West
CX9083364048,2022-05-30 21:00:44,Email,1269.06,South
CX6084049379,2022-06-01 10:56:11,Email,4443.69,South
CX8509599817,2022-06-01 21:12:26,Influencers,4251.62,West
CX6160527112,2022-06-02 00:49:41,TV Ads,4342.03,North
CX5966480538,2022-06-04 12:07:29,Email,3170.12,South
CX3817267718,2022-06-04 18:18:16,Paid Search,1570.2,North
CX7667384381,2022-06-05 02:00:53,Social Media,2087.6,South
CX4693330447,2022-06-06 06:17:37,Paid Search,2347.12,North
CX9045865169,2022-06-07 04:24:04,TV Ads,2819.9,South
CX4039315761,2022-06-08 06:43:50,Email,3757.63,East
CX3987402864,2022-06-08 19:19:36,TV Ads,1432.96,North
CX7325684728,2022-06-14 01:02:09,Paid Search,2818.84,East
CX8880267440,2022-06-14 03:16:32,Email,4643.72,North
CX9025836132,2022-06-14 04:30:57,Email,2532.59,East
CX7861055607,2022-06-15 22:09:39,TV Ads,4341.63,South
CX9845904544,2022-06-15 22:50:45,Social Media,2205.01,North
CX4537654386,2022-06-16 04:41:39,Social Media,2614.15,East
CX4517473279,2022-06-16 14:47:13,Paid Search,2739.65,West
CX8263224684,2022-06-17 06:53:12,TV Ads,4899.77,North
CX4951401843,2022-06-19 14:05:27,Paid Search,2527.09,West
CX9433695739,2022-06-20 21:12:42,Email,950.53,East
CX6603046360,2022-06-21 02:06:16,Influencers,976.55,East
CX6334230634,2022-06-23 09:53:37,TV Ads,1337.81,West
CX9646684605,2022-06-23 15:49:20,Influencers,1714.28,West
CX6409325893,2022-06-24 05:26:13,Email,1563.81,South
CX1259161591,2022-06-27 20:29:45,TV Ads,2641.4,North
CX5479070364,2022-06-28 01:26:12,Influencers,2501.99,North
CX8008280642,2022-06-29 06:02:34,Influencers,2988.44,North
CX1726924230,2022-06-29 06:18:03,TV Ads,1191.67,East
CX4620984214,2022-06-29 11:00:01,Social Media,634.8,East
CX5088520863,2022-06-29 11:45:49,TV Ads,609.01,North
CX1568251695,2022-06-30 20:29:33,Influencers,4862.02,North
CX8259719556,2022-07-01 05:18:42,Social Media,2162.48,West
CX2417366352,2022-07-01 22:36:48,Influencers,4944.45,West
CX2635502440,2022-07-02 19:30:40,Paid Search,4779.27,West
CX4616218115,2022-07-02 22:42:59,Influencers,4347.46,South
CX4961124476,2022-07-03 14:55:09,Email,2691.28,North
CX8036516509,2022-07-05 14:28:39,TV Ads,4197.25,East
CX7366922996,2022-07-07 09:50:14,Email,2840.45,West
CX5156539362,2022-07-07 14:54:23,Email,4209.01,North
CX3251686323,2022-07-07 15:25:27,Influencers,3239.57,West
CX1860370927,2022-07-08 04:53:58,Paid Search,2983.12,East
CX8728578646,2022-07-09 04:59:04,Social Media,4305.48,North
CX4503179252,2022-07-09 15:42:43,Social Media,2511.55,East
CX2575753024,2022-07-11 06:03:47,TV Ads,4640.99,East
CX2114985624,2022-07-11 12:00:32,Social Media,4569.7,East
CX9239575801,2022-07-11 18:18:08,Paid Search,2457.66,South
CX1327630593,2022-07-12 18:16:16,Paid Search,1069.09,West
CX6567184814,2022-07-13 13:11:31,TV Ads,3882.02,South
CX1899833205,2022-07-14 15:36:15,Paid Search,3778.56,South
CX1066672290,2022-07-16 13:53:27,Email,2474.82,South
CX2459803210,2022-07-17 22:49:13,Email,2770.28,East
CX1346290017,2022-07-20 07:45:30,Social Media,3483.4,East
CX2494619065,2022-07-20 19:06:20,Influencers,3185.6,South
CX2673249154,2022-07-22 06:23:18,TV Ads,3626.06,East
CX4090389405,2022-07-22 21:12:10,Influencers,4904.2,South
CX8463458575,2022-07-24 08:28:22,TV Ads,2480.92,North
CX3158832090,2022-07-26 08:14:05,TV Ads,3400.39,East
CX6094144736,2022-07-26 13:34:04,Paid Search,682.23,North
CX3852537821,2022-07-27 04:58:21,Social Media,2061.54,South
CX9328878599,2022-07-27 21:55:50,Paid Search,849.59,North
CX5504587269,2022-07-27 23:04:31,Social Media,1890.57,South
CX4160070579,2022-07-28 07:36:47,Email,1608.73,North
CX2691859837,2022-07-28 14:42:34,Social Media,2827.14,North
CX2716095797,2022-07-29 12:11:45,Social Media,3231.13,South
CX2545927087,2022-07-30 15:43:50,Influencers,567.82,North
CX9363797657,2022-07-30 18:56:40,Influencers,4525.92,North
CX2625655780,2022-08-01 15:56:16,Influencers,1046.55,North
CX9527219769,2022-08-02 00:50:48,TV Ads,1682.98,West
CX9944982503,2022-08-03 04:18:06,Paid Search,4469.3,North
CX8361745757,2022-08-05 22:19:27,Influencers,4118.74,East
CX3612736777,2022-08-06 06:57:43,Paid Search,3047.48,North
CX8501057109,2022-08-07 15:35:55,TV Ads,1788.4,East
CX3858020746,2022-08-10 18:19:31,Influencers,700.75,South
CX7023247376,2022-08-11 01:13:37,Email,1884.78,South
CX3885704514,2022-08-11 11:16:01,Influencers,3339.22,North
CX1509584552,2022-08-12 07:19:04,Paid Search,3787.36,North
CX6519648302,2022-08-12 11:20:03,Influencers,4525.34,East
CX2890756094,2022-08-12 22:25:54,Social Media,3624.99,East
CX1590350397,2022-08-17 12:27:03,Email,2271.55,East
CX2207906544,2022-08-19 14:20:06,Email,1627.88,East
CX2643673222,2022-08-20 04:44:49,TV Ads,2704.34,West
CX4984914298,2022-08-20 23:46:37,Paid Search,4324.09,West
CX6334877566,2022-08-21 02:42:52,Email,1068.09,South
CX6501609424,2022-08-21 06:59:47,Influencers,3359.12,East
CX5533730103,2022-08-21 16:09:35,TV Ads,4014.13,South
CX9068494085,2022-08-21 16:58:41,Social Media,2712.73,West
CX2490408648,2022-08-22 08:28:25,Social Media,2803.61,West
CX4968830542,2022-08-22 15:07:26,Paid Search,4101.51,East
CX5045284867,2022-08-22 15:59:42,Social Media,1170.81,North
CX8934457444,2022-08-24 11:52:06,TV Ads,1677.05,East
CX1292513415,2022-08-25 08:11:56,Email,2147.53,South
CX6898483775,2022-08-25 12:39:41,Email,4801.29,West
CX9438941256,2022-08-27 04:45:32,Social Media,1317.51,East
CX2158336683,2022-08-29 18:47:44,TV Ads,887.92,North
CX2151015728,2022-08-30 07:33:21,Social Media,2509.25,North
CX4435651270,2022-08-31 00:10:28,Social Media,987.68,North
CX8071974244,2022-08-31 23:04:19,Social Media,875.45,West
CX9519176180,2022-09-02 18:39:07,Social Media,1241.14,East
CX4708637596,2022-09-02 21:40:18,Email,4789.18,West
CX3984254361,2022-09-03 20:38:07,Paid Search,4369.21,East
CX7884459490,2022-09-04 08:39:24,Social Media,2616.54,North
CX2177893697,2022-09-08 18:44:39,TV Ads,2439.3,South
CX5187977942,2022-09-09 01:25:09,Influencers,2448.41,North
CX3892054503,2022-09-09 02:25:59,Email,3226.97,West
CX6682202235,2022-09-09 19:34:21,Email,3128.92,East
CX5617216272,2022-09-10 22:07:19,Influencers,2149.43,North
CX8593124944,2022-09-10 22:55:13,Paid Search,723.14,East
CX2518418384,2022-09-12 03:17:04,Paid Search,1820.99,East
CX5925975050,2022-09-12 14:04:15,Paid Search,4033.62,West
CX9790008519,2022-09-16 12:12:33,Influencers,4045.39,North
CX3078700912,2022-09-18 14:08:12,TV Ads,2180.9,North
CX4960455606,2022-09-18 22:27:16,Email,1991.31,East
CX4383620355,2022-09-20 00:35:07,TV Ads,4298.09,North
CX6569664412,2022-09-21 20:09:16,Social Media,3992.41,South
CX1947483839,2022-09-24 10:18:14,Influencers,1653.98,South
CX7745757025,2022-09-24 12:43:54,Email,3676.51,West
CX5040692113,2022-09-25 06:50:44,Paid Search,1371.15,West
CX5018777043,2022-09-27 09:25:55,Social Media,1595.02,North
CX2285211210,2022-09-28 11:33:03,Social Media,2085.94,North
CX8921940611,2022-09-29 10:09:42,Influencers,4825.18,West
CX1205298294,2022-10-01 08:11:25,Influencers,3515.88,North
CX4109432565,2022-10-01 13:23:36,Social Media,4078.66,West
CX5178987345,2022-10-02 07:02:54,Social Media,1577.99,West
CX4765784289,2022-10-05 12:44:41,Email,3881.99,South
CX8104158590,2022-10-06 17:04:03,Influencers,1731.56,South
CX2151915731,2022-10-08 03:23:00,TV Ads,1707.9,South
CX6842297300,2022-10-12 14:12:15,Email,597.49,East
CX6091769131,2022-10-12 20:56:17,Email,842.71,West
CX5431820670,2022-10-14 04:56:36,Social Media,739.76,North
CX9982343127,2022-10-14 13:17:58,TV Ads,3161.46,West
CX6871356644,2022-10-15 11:39:45,Paid Search,1569.51,North
CX3429119825,2022-10-15 19:37:48,Influencers,969.81,South
CX3192250041,2022-10-17 21:54:28,Social Media,4985.9,South
CX4201462311,2022-10-18 00:46:17,Influencers,1163.93,North
CX7026793384,2022-10-19 04:01:12,Social Media,1485.06,West
CX8746292424,2022-10-19 14:50:08,TV Ads,1173.13,South
CX6513465431,2022-10-24 17:23:17,Social Media,2519.93,East
CX7480555890,2022-10-26 23:42:52,Influencers,4691.98,West
CX7281300837,2022-10-28 13:12:35,Paid Search,2210.41,West
CX6872183054,2022-10-31 12:53:06,Social Media,1870.14,East
CX7939373826,2022-10-31 19:09:23,Influencers,4547.23,West
CX5252312851,2022-11-01 22:59:30,Social Media,2035.22,East
CX9895574393,2022-11-03 18:59:59,Paid Search,3971.79,South
CX1455906326,2022-11-04 21:44:52,Social Media,3338.31,South
CX4903272540,2022-11-06 10:28:00,Social Media,823.96,West
CX4203836752,2022-11-06 16:13:13,Influencers,2315.17,East
CX2900386327,2022-11-06 17:59:05,Influencers,2659.21,South
CX4398846484,2022-11-06 18:59:31,Paid Search,4618.28,South
CX5131504341,2022-11-09 13:11:16,Social Media,602.78,South
CX9384661291,2022-11-11 09:28:06,Influencers,2380.2,North
CX3583313539,2022-11-12 00:56:43,Paid Search,799.51,South
CX2497792833,2022-11-12 13:33:57,Social Media,1597.02,North
CX8931923697,2022-11-12 18:08:45,TV Ads,4522.8,North
CX5857217422,2022-11-12 21:31:17,TV Ads,3293.41,West
CX8641308261,2022-11-13 09:06:45,Paid Search,4999.6,North
CX3584762350,2022-11-17 14:14:20,Email,2801.02,South
CX3946429490,2022-11-17 15:50:16,Paid Search,4309.78,East
CX2256850517,2022-11-19 02:18:24,Influencers,2095.35,North
CX2332468405,2022-11-20 02:12:01,Paid Search,1479.6,South
CX6707327630,2022-11-22 02:11:36,TV Ads,3887.48,West
CX2067548176,2022-11-22 15:18:37,TV Ads,1373.42,North
CX5232888467,2022-11-23 15:32:09,Social Media,2918.47,South
CX1502616994,2022-11-23 21:50:45,Influencers,1518.21,South
CX4219763191,2022-11-24 21:37:46,Paid Search,1683.09,West
CX8927261399,2022-11-25 05:46:02,Email,2831.52,East
CX5685757059,2022-11-28 04:54:36,Email,680.24,South
CX1484883597,2022-11-29 05:11:30,Email,3465.74,East
CX8952470489,2022-11-29 15:25:27,Influencers,3615.65,North
CX9844229049,2022-11-29 17:59:27,Email,1004.46,West
CX7647232729,2022-11-30 00:17:51,Paid Search,1129.13,South
CX3955162809,2022-11-30 01:13:36,Social Media,3307.65,West
CX8725060048,2022-11-30 22:00:28,Social Media,3230.51,West
CX1363130762,2022-12-01 05:57:32,TV Ads,1294.79,East
CX3464525147,2022-12-04 15:25:55,Paid Search,2986.89,East
CX7277727808,2022-12-04 18:48:13,Paid Search,4476.51,West
CX9233153622,2022-12-05 14:17:43,Paid Search,4187.11,North
CX1063169775,2022-12-07 08:05:29,Paid Search,3345.02,West
CX1103548313,2022-12-09 02:16:58,Paid Search,2237.04,South
CX9022419931,2022-12-10 00:41:23,Influencers,2192.27,East
CX7939972717,2022-12-14 20:08:02,Influencers,3619.37,North
CX3128224702,2022-12-14 23:36:39,Social Media,3639.5,East
CX7496791227,2022-12-16 03:41:57,Influencers,2813.01,West
CX7313705664,2022-12-18 05:56:44,Paid Search,1247.24,West
CX5221126724,2022-12-18 18:32:57,Influencers,1302.36,West
CX7385200905,2022-12-19 03:16:44,Email,4248.48,South
CX5548653840,2022-12-19 14:50:10,Paid Search,618.61,North
CX1070458799,2022-12-20 14:05:14,Social Media,2578.23,West
CX6301959438,2022-12-20 18:15:58,Influencers,3035.66,South
CX1433228900,2022-12-22 18:02:51,Email,2897.14,East
CX8343274448,2022-12-23 13:49:51,Social Media,4777.95,South
CX6109654414,2022-12-24 21:58:42,Influencers,2925.57,South
CX3811334036,2022-12-26 06:33:43,Social Media,3721.01,North
CX7660871535,2022-12-28 09:16:57,TV Ads,3962.27,North
CX9473884055,2022-12-28 18:08:24,TV Ads,4711.95,North
CX6186350655,2022-12-28 19:03:22,Paid Search,3354.58,South
CX4489731446,2023-01-01 10:39:59,Email,907.3,South
CX3728353831,2023-01-02 01:18:37,Influencers,4219.75,East
CX2018567786,2023-01-02 04:19:24,Influencers,3663.5,North
CX5304208433,2023-01-02 20:33:08,TV Ads,3790.09,West
CX5362583296,2023-01-03 03:42:08,Social Media,2303.69,North
CX5162209279,2023-01-03 19:11:19,TV Ads,4584.78,West
CX3413827535,2023-01-05 13:33:19,TV Ads,3007.5,South
CX6443860502,2023-01-05 17:20:26,Email,2565.5,North
CX8491618976,2023-01-09 08:07:57,Influencers,3590.4,East
CX1700584257,2023-01-10 18:16:29,TV Ads,762.92,West
CX9050309586,2023-01-13 22:17:25,TV Ads,1182.66,South
CX2355712347,2023-01-17 00:14:57,Paid Search,4205.55,West
CX1714111973,2023-01-17 02:55:51,Email,1565.07,West
CX8939665713,2023-01-21 00:24:34,Email,3075.45,East
CX3525304442,2023-01-21 13:31:03,Paid Search,3846.7,East
CX4068110144,2023-01-21 17:08:40,Paid Search,4975.71,South
CX3448496337,2023-01-22 18:10:00,Email,2056.64,South
CX3041487111,2023-01-25 18:50:07,Paid Search,3078.81,South
CX6836589149,2023-01-26 18:40:38,Paid Search,3812.19,North
CX2891740030,2023-01-27 03:12:26,Email,4622.73,East
CX4723576470,2023-02-01 06:29:56,TV Ads,4335.13,West
CX3513196499,2023-02-01 12:01:01,Email,3510.92,West
CX5512080336,2023-02-01 16:44:15,Influencers,2430.97,East
CX5677779296,2023-02-05 11:37:59,Influencers,2877.7,West
CX1191283924,2023-02-06 03:50:25,Social Media,2309.92,East
CX4503164233,2023-02-06 14:18:04,Social Media,1919.95,South
CX4093826558,2023-02-06 20:56:26,Email,874.54,East
CX8104192372,2023-02-07 07:55:50,TV Ads,4829.63,East
CX2072515741,2023-02-08 06:00:02,Paid Search,2411.17,North
CX5086527590,2023-02-09 03:14:03,Email,2409.35,South
CX2096726300,2023-02-11 10:55:03,Paid Search,4249.45,East
CX2583555269,2023-02-11 23:50:39,Social Media,3743.16,North
CX3557900478,2023-02-12 10:28:53,Social Media,2091.15,West
CX1863814508,2023-02-14 15:21:08,Email,3466.14,West
CX9810640215,2023-02-15 15:45:56,Email,3708.1,West
CX4896227937,2023-02-16 12:36:30,Paid Search,1453.27,West
CX1313507525,2023-02-16 15:19:36,TV Ads,1259.08,South
CX4276072044,2023-02-18 06:17:45,Paid Search,1535.52,West
CX2646490148,2023-02-19 03:34:03,Influencers,3918.81,West
CX9077637655,2023-02-19 06:38:21,TV Ads,2653.48,North
CX5495104405,2023-02-20 20:40:48,Social Media,3449.98,East
CX9818850114,2023-02-23 18:35:40,Paid Search,1159.35,East
CX1365366285,2023-02-24 00:38:29,Email,1145.47,West
CX1363073355,2023-02-24 22:39:31,Social Media,2873.52,East
CX2870420786,2023-02-28 04:33:04,Paid Search,2536.8,South
CX3856651227,2023-02-28 09:44:04,Social Media,2798.97,East
CX8625184482,2023-02-28 22:27:52,Influencers,4929.43,East
CX1450014499,2023-03-03 23:09:30,Influencers,1357.24,North
CX9773194338,2023-03-04 17:23:12,Email,4333.93,North
CX3784773255,2023-03-06 01:09:27,TV Ads,4608.98,West
CX4993459782,2023-03-06 04:32:16,Paid Search,1579.44,South
CX3130704855,2023-03-07 21:09:05,Influencers,4608.25,East
CX1927346134,2023-03-08 03:49:31,Email,3666.31,East
CX2872922627,2023-03-12 20:17:00,Social Media,1928.34,East
CX5174375676,2023-03-14 18:51:12,Paid Search,3240.34,North
CX2989089942,2023-03-18 02:10:28,Social Media,2086.58,South
CX6711808925,2023-03-18 11:13:17,TV Ads,4775.56,East
CX6351865900,2023-03-20 06:01:54,Social Media,4373.38,East
CX5192515970,2023-03-20 14:13:32,TV Ads,2958.32,East
CX9725955330,2023-03-21 08:33:14,Influencers,3802.94,East
CX5076096269,2023-03-22 01:06:04,Paid Search,2635.3,East
CX5554807361,2023-03-22 05:18:11,Influencers,4305.97,South
CX3174273851,2023-03-23 18:17:26,TV Ads,2677.55,West
CX8225340499,2023-03-24 01:03:10,Paid Search,3419.95,North
CX3856685752,2023-03-24 12:27:03,Email,2501.72,East
CX3308708807,2023-03-25 04:44:21,Social Media,4889.19,North
CX4474626873,2023-03-25 07:26:34,TV Ads,1795.55,East
CX6845106472,2023-03-25 10:26:05,Email,4319.7,South
CX9282161844,2023-03-26 11:24:45,Email,1792.76,South
CX2651554239,2023-03-27 00:16:15,Social Media,1591.91,East
CX5378641090,2023-03-28 11:01:04,Paid Search,3081.58,South
CX9101412367,2023-03-28 23:46:09,Email,4289.57,East
CX6440360310,2023-03-29 11:00:49,Social Media,3715.61,South
CX5711335087,2023-03-30 09:43:14,Social Media,3662.65,North
CX4329942124,2023-03-30 10:20:19,Influencers,3473.94,North
CX7708503732,2023-03-31 04:13:33,Social Media,3274.63,South
CX3034216678,2023-03-31 22:07:52,Paid Search,1200.27,North
CX8868635642,2023-04-02 06:42:46,Influencers,3041.95,North
CX4279200026,2023-04-02 08:58:59,Paid Search,4001.71,North
CX4428252468,2023-04-04 23:57:41,Paid Search,4415.63,South
CX2230475037,2023-04-05 06:52:53,Paid Search,1789.75,East
CX3391932056,2023-04-05 09:45:52,Social Media,4590.63,South
CX6243678926,2023-04-06 08:07:13,Email,2845.8,West
CX5533242899,2023-04-09 19:43:50,Email,764.86,North
CX6598050703,2023-04-10 08:23:15,Paid Search,2496.64,North
CX5594008147,2023-04-12 00:42:37,Social Media,2688.9,North
CX2108950657,2023-04-12 02:49:20,Social Media,536.02,South
CX5531700019,2023-04-13 23:22:03,Social Media,4327.65,East
CX4593553204,2023-04-16 16:49:47,Email,3011.84,South
CX2137311296,2023-04-17 01:31:22,TV Ads,1896.44,East
CX2087847541,2023-04-18 05:26:14,Influencers,1911.53,East
CX2452023537,2023-04-19 16:24:43,Social Media,2494.88,North
CX1744817145,2023-04-21 16:16:12,Paid Search,3285.94,East
CX1686318556,2023-04-25 12:51:42,Social Media,1467.45,South
CX4431840190,2023-04-28 22:25:04,Email,3838.47,East
CX8755696385,2023-04-29 02:21:54,TV Ads,2174.29,West
CX8176766951,2023-04-30 07:38:04,Paid Search,548.9,East
CX8413319431,2023-05-02 02:50:26,Social Media,4460.97,North
CX4798531966,2023-05-02 20:01:03,Social Media,4133.45,South
CX5135042436,2023-05-03 02:21:08,Email,3160.56,South
CX5659791948,2023-05-03 14:42:31,Social Media,4663.68,South
CX3956970497,2023-05-04 04:25:15,Paid Search,4267.39,South
CX3078410951,2023-05-05 05:16:39,TV Ads,2645.05,South
CX2075935988,2023-05-05 09:07:14,Social Media,2904.02,West
CX6051617744,2023-05-05 14:01:55,Influencers,507,East
CX6154727150,2023-05-06 10:46:54,TV Ads,3243.98,South
CX6891763769,2023-05-07 04:31:02,Influencers,2228.3,North
CX3839532386,2023-05-07 11:12:12,Social Media,3680.1,East
CX4978265819,2023-05-08 09:22:30,TV Ads,3207.78,South
CX8048569631,2023-05-10 01:19:42,TV Ads,1637.43,West
CX3618199036,2023-05-11 13:06:07,TV Ads,2416.63,South
CX9846870479,2023-05-11 19:40:46,Social Media,1035.18,West
CX8123185545,2023-05-12 05:19:30,TV Ads,654.63,North
CX5566285015,2023-05-12 19:05:14,Social Media,733.63,West
CX3656048892,2023-05-14 16:24:12,Social Media,2685.88,East
CX2098569022,2023-05-14 19:24:44,Paid Search,3463.72,West
CX9556803057,2023-05-15 05:09:12,TV Ads,3309.54,East
CX2121298589,2023-05-15 18:11:08,TV Ads,2648.6,West
CX3073334698,2023-05-16 04:50:01,Social Media,3760.84,West
CX5419831063,2023-05-16 13:43:38,Influencers,3469.44,East
CX1775953833,2023-05-16 19:59:44,Paid Search,4307.51,West
CX8850175018,2023-05-18 20:37:29,TV Ads,1943.74,South
CX4333193894,2023-05-19 21:32:59,Email,3803.59,North
CX1683959169,2023-05-20 01:09:18,Paid Search,2499.76,East
CX8364585790,2023-05-21 07:38:04,TV Ads,4065.52,South
CX5194280525,2023-05-21 15:54:43,Paid Search,1555.72,North
CX1652685678,2023-05-21 21:29:35,Influencers,2735.12,West
CX4952749604,2023-05-22 09:48:24,Email,4546.44,South
CX7885512325,2023-05-24 17:04:16,Email,2084.01,East
CX3436607558,2023-05-24 17:42:43,Paid Search,3908.41,East
CX6930515409,2023-05-25 07:30:18,Influencers,3815.43,North
CX2878924434,2023-05-26 01:38:13,TV Ads,4931.94,South
CX5742908658,2023-05-29 03:30:22,Influencers,3284.4,East
CX1237298379,2023-05-29 08:40:22,Paid Search,4238.04,North
CX2256076047,2023-05-30 15:06:20,Paid Search,4474.69,East
CX8616645947,2023-06-01 08:14:38,TV Ads,3899.82,West
CX4561941056,2023-06-02 15:24:38,Influencers,4648.44,West
CX9364571711,2023-06-08 12:35:01,Email,3294.87,North
CX5081675341,2023-06-10 08:18:59,Email,3675.01,South
CX4807188856,2023-06-12 00:30:10,Influencers,650.15,East
CX8962214274,2023-06-12 07:17:53,Influencers,1513.66,West
CX8665881664,2023-06-12 15:40:09,Paid Search,3017.27,East
CX2904370550,2023-06-12 20:13:32,TV Ads,2529.76,East
CX6135088459,2023-06-12 21:58:04,Influencers,4961.87,South
CX1795637142,2023-06-14 05:35:31,Paid Search,1661.5,West
CX4297825607,2023-06-15 18:06:24,Paid Search,4735.8,South
CX3901249472,2023-06-16 20:25:19,TV Ads,535.07,East
CX5196564837,2023-06-18 06:18:16,TV Ads,3295.02,South
CX7759692841,2023-06-18 12:00:22,Paid Search,3711.57,East
CX2178083218,2023-06-18 16:01:06,Email,975.8,East
CX7128297202,2023-06-18 20:43:31,TV Ads,2900.79,West
CX3471735892,2023-06-21 01:08:03,Email,2429.66,North
CX4115918676,2023-06-23 05:05:09,Influencers,1284.17,South
CX8959799665,2023-06-24 03:06:15,Social Media,4710.41,North
CX4601578748,2023-06-24 08:24:59,TV Ads,2015.2,South
CX1654543229,2023-06-24 09:29:03,Paid Search,872.77,West
CX8011713766,2023-06-24 15:06:44,TV Ads,2279,South
CX3829317839,2023-06-27 12:20:17,Influencers,4357.8,East
CX8114618977,2023-06-28 16:07:24,Influencers,1883.47,South
CX9362399528,2023-06-29 04:42:31,Paid Search,4986.7,East
CX5786025710,2023-07-01 07:17:11,Social Media,2731.5,West
CX2999327580,2023-07-02 15:33:38,Paid Search,1683.02,West
CX9817276565,2023-07-03 04:47:58,Paid Search,4539.89,East
CX3544645567,2023-07-04 02:10:14,Paid Search,1250.87,North
CX9845474242,2023-07-05 06:11:02,TV Ads,4932.52,North
CX4938173200,2023-07-07 11:54:16,Social Media,3210.69,South
CX5221495526,2023-07-07 13:40:21,Influencers,2308.25,South
CX4772041818,2023-07-10 13:01:10,Email,3911.09,West
CX7735466435,2023-07-11 18:27:29,Social Media,1835.23,East
CX6610617348,2023-07-12 16:52:57,Influencers,617.67,South
CX1280235473,2023-07-13 07:50:19,Influencers,1361.87,East
CX6332050700,2023-07-13 11:36:08,Influencers,1966.53,South
CX1953582780,2023-07-15 17:42:07,Influencers,2024.46,North
CX7485051030,2023-07-16 09:06:08,TV Ads,2200.19,South
CX7240469674,2023-07-18 11:55:32,Social Media,2898.39,South
CX3818031583,2023-07-21 13:08:27,Email,4202.85,East
CX6866909004,2023-07-22 12:12:36,Influencers,4780.86,South
CX1421520079,2023-07-23 05:30:12,Social Media,3368.84,West
CX7173855220,2023-07-26 02:03:56,Influencers,3662.36,East
CX4588888620,2023-07-28 00:30:15,Email,1839.92,South
CX4352595364,2023-07-29 15:15:16,Paid Search,2008.63,South
CX8193958108,2023-07-31 08:16:07,TV Ads,4112.48,East
CX4533268977,2023-08-01 21:17:48,TV Ads,1020.57,West
CX4396896798,2023-08-01 23:25:58,Social Media,1234.65,West
CX3841029967,2023-08-05 03:12:15,Email,3150.22,South
CX9593062075,2023-08-05 15:06:49,Influencers,3335.64,North
CX8887407787,2023-08-07 01:02:23,Paid Search,2757.56,South
CX3745622037,2023-08-07 18:26:26,Email,4298.69,South
CX5636036713,2023-08-07 20:35:00,Email,3627.75,East
CX3568904462,2023-08-08 21:44:06,Social Media,3316.14,East
CX5028982845,2023-08-10 15:56:24,TV Ads,2665.7,North
CX1199564102,2023-08-11 21:26:18,Paid Search,1793.87,South
CX1859199262,2023-08-13 16:30:56,Paid Search,2328.67,South
CX4525398144,2023-08-13 22:49:28,Paid Search,4482.69,East
CX7458751930,2023-08-14 08:39:58,Influencers,704.91,South
CX6315929499,2023-08-15 09:14:17,Email,557.66,North
CX4127847081,2023-08-16 00:17:46,Paid Search,1836.21,East
CX7144844929,2023-08-17 12:26:30,Social Media,1385.71,West
CX5086051183,2023-08-17 19:04:13,Influencers,3392.35,South
CX6690166072,2023-08-18 13:26:05,TV Ads,2524.33,South
CX3033041543,2023-08-21 00:38:16,Paid Search,1387.31,East
CX9932796827,2023-08-25 16:52:31,Email,639.48,East
CX6541664517,2023-08-27 23:57:10,TV Ads,1303.95,North
CX2842324630,2023-09-01 03:27:19,TV Ads,2515.92,North
CX1403724226,2023-09-04 12:11:39,Paid Search,4512.6,West
CX4630247179,2023-09-06 05:38:57,Influencers,3899.43,North
CX2023688090,2023-09-06 09:35:41,Influencers,3417.44,East
CX8006135349,2023-09-06 22:44:05,Social Media,2197.76,South
CX4954413657,2023-09-08 05:07:42,TV Ads,3215.46,West
CX5539760097,2023-09-08 22:00:32,TV Ads,2793.56,North
CX4617172309,2023-09-11 00:25:40,TV Ads,4372.02,North
CX8787831088,2023-09-11 07:16:15,Social Media,1585.28,West
CX6286029270,2023-09-11 13:37:54,Social Media,4906.75,West
CX4231799798,2023-09-11 18:09:13,Paid Search,2829.39,South
CX1128997388,2023-09-12 02:22:34,Email,3060.62,North
CX1982797601,2023-09-14 02:12:37,Email,699.62,North
CX4644293412,2023-09-14 09:52:05,Influencers,2125.56,North
CX1767631966,2023-09-16 19:50:28,Influencers,864.26,North
CX2897255189,2023-09-17 14:03:01,Email,4077.74,East
CX2168621325,2023-09-18 17:31:56,Influencers,1791.68,South
CX4585258657,2023-09-18 23:55:19,Email,1988.93,South
CX8837900283,2023-09-19 01:49:45,Social Media,901.77,West
CX5140666634,2023-09-24 19:40:12,Email,1294.52,North
CX9517145669,2023-09-26 03:34:08,Paid Search,2190.36,West
CX1031430527,2023-09-27 18:50:53,Social Media,1888.51,West
CX3209879640,2023-09-28 04:35:49,Influencers,4700,East
CX1953260478,2023-09-29 05:44:38,Paid Search,3808.46,West
CX9491289407,2023-09-29 07:40:31,TV Ads,1950.5,West
CX8922055693,2023-09-29 13:24:27,Social Media,3565.27,North
CX1378510946,2023-10-01 01:22:16,Social Media,1798.83,North
CX3845494717,2023-10-02 00:56:23,Influencers,3420.46,North
CX6441497440,2023-10-04 11:30:40,Paid Search,2131.41,North
CX7270716632,2023-10-04 17:24:22,Paid Search,4990.69,South
CX3312602844,2023-10-05 03:24:19,Influencers,3305.82,East
CX6585139496,2023-10-05 10:38:30,TV Ads,2642.04,East
CX6179242752,2023-10-06 14:24:16,TV Ads,3270.8,North
CX2811043759,2023-10-06 15:55:45,Influencers,3773.61,North
CX8905911400,2023-10-09 07:03:26,TV Ads,3115.45,East
CX1295562430,2023-10-10 05:01:45,Paid Search,1784,West
CX4408877951,2023-10-11 01:48:40,Social Media,3378.59,East
CX8907203164,2023-10-11 12:24:33,Social Media,532.73,North
CX8760199673,2023-10-14 20:16:51,Paid Search,1830.54,North
CX2803089837,2023-10-15 07:20:59,Paid Search,3012.12,West
CX5530913204,2023-10-15 12:39:29,Paid Search,2776.39,North
CX9161859022,2023-10-17 17:31:52,Influencers,3893.75,East
CX9654866095,2023-10-19 01:13:54,TV Ads,3674.2,East
CX2128957180,2023-10-20 15:44:40,Paid Search,4698.97,East
CX4334585637,2023-10-21 00:06:38,Email,4714.85,South
CX3082986510,2023-10-21 09:14:42,Email,2704.84,South
CX1598650367,2023-10-23 15:45:08,Social Media,2564.96,South
CX2724554450,2023-10-24 20:30:06,Social Media,2153.29,South
CX5461782067,2023-10-25 18:06:34,TV Ads,2859.59,South
CX1470868971,2023-10-27 03:00:06,Social Media,2864.49,East
CX4463534077,2023-10-27 03:07:25,Influencers,1019,West
CX7234446136,2023-10-27 10:24:28,TV Ads,3399.95,North
CX2579189610,2023-10-28 12:07:39,Paid Search,4458.63,West
CX4806978192,2023-10-28 22:41:19,Paid Search,4010.33,West
CX5281472782,2023-10-29 23:42:02,Influencers,3044.25,West
CX9122872376,2023-11-01 01:02:47,Influencers,2158.42,North
CX1617764767,2023-11-01 23:53:47,Influencers,2730.38,East
CX7609635895,2023-11-02 23:14:11,Social Media,2479.33,East
CX3353942794,2023-11-04 15:04:54,Paid Search,617.01,West
CX8849123653,2023-11-04 19:43:58,Paid Search,3565.41,North
CX7602229707,2023-11-05 04:49:44,Influencers,4886.41,East
CX8715933038,2023-11-06 03:30:41,TV Ads,4548.89,West
CX1050320503,2023-11-08 02:02:53,TV Ads,4209.66,East
CX4732785364,2023-11-09 15:37:43,Influencers,4277.28,North
CX3713086332,2023-11-10 07:59:42,Email,1699.35,South
CX8229716724,2023-11-10 22:55:06,TV Ads,1120.63,East
CX6126178177,2023-11-11 00:12:10,Influencers,1612.43,East
CX8890700939,2023-11-12 09:05:34,TV Ads,3904.63,South
CX3920902083,2023-11-17 12:53:07,TV Ads,2602.14,East
CX8523614982,2023-11-18 04:11:55,Email,529.85,North
CX3822031315,2023-11-19 01:11:33,Paid Search,3949.96,North
CX3300960817,2023-11-19 08:05:14,Email,1701.24,South
CX8087942550,2023-11-19 10:57:51,Email,4548,North
CX1468136765,2023-11-19 18:20:32,Influencers,4581.55,West
CX3805415057,2023-11-20 18:32:58,Influencers,2121.09,East
CX4977914593,2023-11-22 10:05:08,Paid Search,1616.74,South
CX4295810568,2023-11-23 16:11:28,Influencers,1011.76,North
CX5649739198,2023-11-23 16:16:32,Social Media,1472.18,West
CX7021073983,2023-11-24 06:59:07,Influencers,3995.86,East
CX7539019450,2023-11-24 18:46:31,Email,2024.73,South
CX3278774876,2023-11-24 23:43:30,Influencers,868.24,East
CX8795691320,2023-11-26 15:39:07,Email,4743.1,North
CX2240579941,2023-11-26 17:24:45,Social Media,796.39,West
CX2948608678,2023-11-26 19:15:56,Paid Search,2239,North
CX1119602151,2023-11-27 04:14:57,Email,4868.79,North
CX4690261722,2023-11-28 20:24:21,Influencers,2006.77,South
CX3404787702,2023-11-30 02:39:15,TV Ads,3384.42,North
CX1167930643,2023-11-30 15:44:11,Email,3418.36,West
CX8638334404,2023-12-01 09:05:25,Email,1684.46,East
CX4303301927,2023-12-02 18:44:53,Social Media,3237.94,North
CX5311610761,2023-12-03 09:06:58,Paid Search,3611.04,South
CX4040123186,2023-12-03 16:59:49,Paid Search,1210.29,West
CX2227166597,2023-12-06 11:07:53,Influencers,3441.08,South
CX8425721107,2023-12-08 00:29:13,Paid Search,1666.47,South
CX7433337752,2023-12-08 11:09:18,Paid Search,2294.82,East
CX9704971114,2023-12-09 07:30:11,Social Media,4277.71,North
CX8588945191,2023-12-09 20:38:58,Paid Search,1674.42,West
CX7706496326,2023-12-10 02:28:44,Influencers,2168.84,West
CX1076439820,2023-12-10 23:19:15,Social Media,4534.88,South
CX6328678835,2023-12-12 22:17:21,Social Media,3835.8,North
CX8623528174,2023-12-13 00:55:10,Email,3616.01,West
CX2755011405,2023-12-13 08:41:23,Email,858.67,East
CX9097785341,2023-12-18 08:41:14,Email,3919.05,East
CX1564298218,2023-12-21 05:32:38,Paid Search,1301.26,North
CX2314357272,2023-12-21 12:19:27,Social Media,2720.22,South
CX8923294037,2023-12-22 17:08:10,TV Ads,4039.78,West
CX1251983307,2023-12-23 01:16:51,Email,4427.21,West
CX8407684995,2023-12-24 10:46:28,Email,2107.84,North
CX5651309617,2023-12-25 01:55:48,Paid Search,2242.89,North
CX5402740940,2023-12-25 20:35:48,TV Ads,1540.14,North
CX9306526686,2023-12-26 00:55:51,Paid Search,3211.97,East
CX8153419385,2023-12-26 04:32:02,Paid Search,1648.32,West
CX5222461894,2023-12-26 10:36:08,Email,2374.42,West
CX2694980582,2023-12-26 13:33:08,Social Media,908.09,East
CX6981730579,2023-12-30 05:28:15,Email,2190.78,East
CX4078801955,2023-12-30 17:36:41,Paid Search,3894.86,West
CX9563640161,2024-01-02 03:03:19,TV Ads,2471.39,South
CX3291039604,2024-01-03 00:04:47,TV Ads,4212.62,West
CX8052300353,2024-01-03 10:37:45,Influencers,3109.15,South
CX9083730103,2024-01-04 09:12:47,TV Ads,3727.42,West
CX6828481307,2024-01-06 07:26:32,Social Media,1365.08,West
CX6964390400,2024-01-06 11:05:05,Paid Search,1553.95,East
CX9809034650,2024-01-06 23:16:23,Paid Search,4532.07,East
CX7737416310,2024-01-07 11:37:29,Paid Search,3502.79,West
CX1329105110,2024-01-09 18:18:33,Social Media,596.91,South
CX9215229543,2024-01-11 16:59:42,Social Media,1358.58,South
CX1684457571,2024-01-14 05:19:47,Paid Search,3161.81,East
CX2429988366,2024-01-14 17:23:54,Paid Search,1077.79,South
CX8110118586,2024-01-17 18:44:28,Paid Search,1467.15,East
CX3964616748,2024-01-19 19:09:38,TV Ads,2821.94,South
CX6863197221,2024-01-20 19:15:24,Email,2927.78,North
CX8188624054,2024-01-22 11:40:25,Influencers,3728.31,South
CX7240225505,2024-01-22 20:41:02,TV Ads,4355.05,West
CX7338858329,2024-01-25 00:27:48,Social Media,4217.67,West
CX3622657717,2024-01-27 05:57:07,TV Ads,1036.91,East
CX5136374801,2024-01-27 08:04:14,Email,1279.45,East
CX5727848687,2024-01-30 14:15:03,Social Media,2084.43,East
CX1953691641,2024-01-31 14:47:34,Email,3449.97,East
CX7559112788,2024-01-31 17:38:34,Influencers,1162.45,South
CX4935403754,2024-01-31 19:53:50,Paid Search,3843.62,West
CX6910835567,2024-02-02 13:05:44,Social Media,1765.64,West
CX6412184706,2024-02-03 18:56:06,Email,3891.97,South
CX3972191976,2024-02-04 12:39:00,Influencers,4673.84,West
CX2868666047,2024-02-05 10:27:34,Social Media,541.06,West
CX3104859526,2024-02-07 02:09:51,TV Ads,2071.83,East
CX7847236257,2024-02-07 07:38:47,Influencers,1485.2,East
CX1887927239,2024-02-09 08:13:52,Paid Search,4234.07,South
CX2633965377,2024-02-10 01:08:40,TV Ads,4698.19,North
CX8086923085,2024-02-10 09:21:41,Email,1519.92,South
CX5421322884,2024-02-10 22:52:13,Influencers,3573.03,South
CX3833647890,2024-02-11 10:16:06,Social Media,2478.42,West
CX2908935155,2024-02-12 07:16:10,TV Ads,2934.03,West
CX5310325666,2024-02-15 16:54:49,Email,1120.52,East
CX1981334589,2024-02-16 00:19:41,Email,2272.35,North
CX3324418516,2024-02-17 20:11:34,TV Ads,1151.92,West
CX7378277660,2024-02-18 02:05:12,Email,2660.4,East
CX1001621476,2024-02-18 10:55:11,TV Ads,4301.53,North
CX9473664285,2024-02-18 16:15:50,Paid Search,4330.27,East
CX1170463194,2024-02-19 17:40:07,Social Media,3895.49,South
CX2682850337,2024-02-20 01:51:41,TV Ads,3063.79,East
CX4641167639,2024-02-21 21:08:46,TV Ads,657.9,West
CX4246126794,2024-02-26 01:29:27,Paid Search,4450.45,West
CX4302420206,2024-02-26 08:42:55,Paid Search,1553.88,North
CX1209567701,2024-02-27 22:17:05,Email,3769.8,West
CX4687079860,2024-03-01 05:00:44,Social Media,1345.7,South
CX2090632119,2024-03-01 05:45:11,Paid Search,3274.44,East
CX8822541848,2024-03-01 06:13:00,Influencers,3803.58,South
CX4091258460,2024-03-03 13:43:38,Influencers,2340.1,North
CX4218396281,2024-03-04 15:39:25,Paid Search,4908.58,West
CX2167798692,2024-03-04 18:59:58,Influencers,1174.96,West
CX5636961881,2024-03-07 02:09:15,Influencers,2745.9,North
CX9439961643,2024-03-07 23:01:54,TV Ads,1738.28,West
CX8553671251,2024-03-10 06:18:18,Social Media,881.69,West
CX9231686305,2024-03-11 00:46:10,Paid Search,1195.03,South
CX8170972996,2024-03-17 16:47:26,Social Media,1297.12,North
CX2524441334,2024-03-18 21:08:02,Influencers,2120.89,West
CX4934752255,2024-03-19 03:58:00,Influencers,2645.51,South
CX8853723611,2024-03-19 07:57:34,Social Media,3067.56,North
CX3810712775,2024-03-21 00:24:31,Social Media,1961.37,South
CX5481088844,2024-03-22 07:58:53,TV Ads,1842.06,West
CX6582886889,2024-03-22 22:47:34,Social Media,1687.45,West
CX4736337879,2024-03-23 18:26:50,Email,3549.49,North
CX6387922225,2024-03-25 11:22:48,TV Ads,3384.64,North
CX3796999876,2024-03-28 06:19:05,TV Ads,696.87,West
CX9194508494,2024-03-28 10:22:52,TV Ads,2579.86,East
CX7264146563,2024-03-29 19:07:07,Paid Search,4158.47,North
CX1795854232,2024-03-31 04:03:08,Influencers,1520.12,East
CX2012768677,2024-04-01 20:32:51,Influencers,1779.04,North
CX3230026169,2024-04-02 12:43:08,Email,1064.04,South
CX6862188319,2024-04-02 23:34:40,Email,2095.3,South
CX6142692515,2024-04-03 07:21:23,Influencers,3323.39,South
CX3246205490,2024-04-04 15:53:37,TV Ads,2575.02,West
CX7930758552,2024-04-06 06:53:52,Social Media,4900.18,South
CX6615376990,2024-04-08 19:33:11,Paid Search,1580.05,West
CX3387876553,2024-04-08 20:10:33,Social Media,2589.79,West
CX5381050954,2024-04-09 23:06:24,Social Media,539.6,South
CX5098669755,2024-04-11 01:49:41,TV Ads,2765.01,East
CX7976041075,2024-04-12 00:04:34,Paid Search,1873.41,East
CX5726559156,2024-04-12 09:32:48,Paid Search,4799.38,South
CX2213350843,2024-04-12 16:45:38,Social Media,1026.14,East
CX4868317998,2024-04-17 08:01:40,Influencers,3071.82,South
CX6210678887,2024-04-19 06:28:35,Social Media,2846.1,East
CX5237281422,2024-04-19 10:05:05,Paid Search,1843.17,West
CX7233113471,2024-04-21 14:01:18,Influencers,726.7,East
CX4194043980,2024-04-22 09:39:18,Social Media,4423.4,East
CX1589948071,2024-04-23 13:28:47,Paid Search,1131.92,West
CX1401346882,2024-04-23 21:33:26,Social Media,3488.62,South
CX4225039474,2024-04-24 07:35:07,Email,1029.74,West
CX8755822823,2024-04-24 10:03:13,Influencers,2633.82,West
CX3022874150,2024-04-25 12:33:55,Influencers,1091.9,North
CX9952494852,2024-04-25 23:09:16,Social Media,2797.98,South
CX6398526993,2024-04-26 08:16:36,Email,3119.06,South
CX4207459882,2024-04-26 08:34:34,Influencers,1461.87,East
CX4145043481,2024-04-27 04:59:28,Email,3258.05,East
CX6511414244,2024-04-27 22:11:44,Paid Search,4172.01,North
CX1630261506,2024-04-27 22:53:46,Email,3067.74,West
CX5119973381,2024-04-28 03:17:44,Influencers,1449.27,West
CX8464288653,2024-04-29 19:43:57,TV Ads,3839.09,North
CX5731159580,2024-04-30 05:38:51,Email,2707.51,West
CX8317802620,2024-04-30 09:30:10,Paid Search,3918.41,South
CX6651993666,2024-04-30 22:58:31,Influencers,1793.25,East
CX4602434032,2024-05-02 19:18:01,TV Ads,2884.67,South
CX6619568736,2024-05-04 03:01:25,Influencers,2721.12,East
CX4261547712,2024-05-04 20:58:19,Email,3315.59,East
CX4808978805,2024-05-08 19:26:03,Social Media,1462.36,North
CX1046166694,2024-05-09 09:26:54,TV Ads,3636.06,South
CX8303831035,2024-05-09 23:17:30,Social Media,4623.8,North
CX2321272662,2024-05-10 09:21:47,TV Ads,1960.87,East
CX4805655840,2024-05-11 16:21:21,Email,1759.71,North
CX2883943486,2024-05-12 06:00:18,Email,762.58,North
CX3188411010,2024-05-14 08:49:26,Influencers,4275.96,South
CX9280808364,2024-05-15 08:33:38,Email,2146.46,South
CX9937102064,2024-05-16 16:31:45,Paid Search,3267.67,West
CX6735382379,2024-05-16 21:18:19,Email,1345.65,South
CX1243763377,2024-05-17 12:12:52,Influencers,3521.18,North
CX9668037404,2024-05-17 13:31:24,TV Ads,3861.25,North
CX4383726345,2024-05-19 06:23:25,Email,4186.54,South
CX8175430879,2024-05-20 04:06:27,Email,4829.27,East
CX7984419968,2024-05-20 05:10:22,Paid Search,4589.96,West
CX6023000784,2024-05-23 06:06:52,Social Media,2555.27,South
CX2670088093,2024-05-23 14:13:13,Email,4003.03,South
CX3317226507,2024-05-24 09:07:34,TV Ads,3396.66,North
CX8631011041,2024-05-25 00:36:29,Email,1896.95,North
CX8003195613,2024-05-25 16:50:17,Influencers,4616.91,South
CX2613179350,2024-05-27 13:38:57,TV Ads,884.04,South
CX6850801417,2024-05-28 07:23:09,Influencers,4504.84,West
CX8152849995,2024-05-29 03:33:52,Influencers,4665.6,East
CX1254491660,2024-05-29 07:59:06,Social Media,1234.34,South
CX7281789852,2024-06-01 01:17:45,Paid Search,795.47,South
CX9430364261,2024-06-01 04:36:29,Paid Search,4813.98,South
CX3265365103,2024-06-07 15:16:10,Social Media,1246.63,West
CX1868673336,2024-06-08 12:46:57,Social Media,2141.35,West
CX2198548356,2024-06-08 23:06:01,Paid Search,868.45,West
CX6771592186,2024-06-10 04:17:44,Influencers,3304.75,East
CX5241495414,2024-06-10 05:26:30,Paid Search,670.1,South
CX7837023846,2024-06-10 12:40:12,Paid Search,694.66,South
CX1855824044,2024-06-10 21:44:40,Paid Search,4211.55,South
CX3930338237,2024-06-11 12:59:45,Social Media,3342.59,North
CX7096707187,2024-06-11 15:59:44,Paid Search,3144.62,East
CX2618702803,2024-06-12 06:24:20,Paid Search,4760.74,South
CX3948734173,2024-06-12 06:48:52,Email,4350.17,West
CX3961948527,2024-06-12 21:27:30,Social Media,2090.82,West
CX9377204407,2024-06-13 13:24:06,Social Media,2210.48,West
CX1693736114,2024-06-13 23:48:44,Email,2279.02,East
CX7135397977,2024-06-14 22:38:25,Paid Search,2161.45,South
CX2804969894,2024-06-14 23:54:58,Paid Search,4485.42,East
CX8700633461,2024-06-17 18:10:06,Influencers,3398.15,North
CX6559825133,2024-06-18 07:55:00,Social Media,2685.42,North
CX8063550994,2024-06-19 12:42:51,Influencers,4467.37,East
CX1713401313,2024-06-19 18:43:32,Social Media,2935.33,East
CX9492543238,2024-06-21 06:58:03,TV Ads,2800.75,East
CX8541104570,2024-06-24 10:36:51,TV Ads,2183.77,North
CX2493884511,2024-06-26 08:08:48,Influencers,3982.02,West
CX9778628751,2024-06-26 20:52:37,Influencers,501.92,East
CX2007736869,2024-06-27 04:03:24,Paid Search,1208.12,North
CX4957051088,2024-06-27 09:51:02,Paid Search,3308.07,West
CX5170342895,2024-06-28 00:18:24,TV Ads,2149.09,East
CX2620036370,2024-06-28 13:42:58,Social Media,2532.16,North
CX4144434139,2024-07-02 02:21:49,Social Media,1093.11,East
CX7037294729,2024-07-02 19:01:06,TV Ads,1468.79,West
CX8167566691,2024-07-03 11:56:48,Email,1215.68,South
CX7660449024,2024-07-04 04:43:05,TV Ads,3133.05,North
CX7029861005,2024-07-05 18:50:01,Social Media,3953.84,South
CX7157196369,2024-07-08 02:32:12,Influencers,4209.71,North
CX7563371523,2024-07-08 08:35:52,Email,2033.32,West
CX5516310180,2024-07-12 03:46:35,Influencers,3184.7,West
CX6743538131,2024-07-12 05:39:44,TV Ads,1663.46,West
CX1273744207,2024-07-13 00:13:09,TV Ads,4833.32,South
CX9529484629,2024-07-13 00:18:14,Social Media,2241.28,North
CX2680878215,2024-07-15 04:54:27,Paid Search,746.18,North
CX3372676152,2024-07-15 08:14:24,Email,1613.29,South
CX2126499358,2024-07-17 23:04:32,Social Media,1625.98,West
CX6326143856,2024-07-18 12:48:10,Email,2493.48,East
CX7836997225,2024-07-19 23:31:08,Email,1303.05,North
CX9093058707,2024-07-20 02:28:45,Influencers,3218.86,South
CX4347486875,2024-07-21 04:35:45,Influencers,2844.99,East
CX4248502558,2024-07-21 21:29:15,Paid Search,4016.09,West
CX2665326563,2024-07-24 20:25:19,TV Ads,1726.08,West
CX7479294312,2024-07-25 16:53:37,Influencers,2961.78,North
CX8894066768,2024-07-27 02:41:38,Email,741.8,West
CX6675265212,2024-07-29 13:05:06,Email,3405.4,West
CX5619172645,2024-07-30 15:18:48,Influencers,4505.79,East
CX4342054811,2024-07-31 06:27:13,Paid Search,3789.32,East
CX4858491767,2024-07-31 20:41:54,Email,1080.41,North
CX7043947231,2024-08-03 11:51:22,Social Media,3098.67,North
CX7604812908,2024-08-03 18:48:41,Influencers,2529.06,East
CX3457004311,2024-08-03 20:21:56,Social Media,2487.93,North
CX2158104032,2024-08-08 23:28:11,Influencers,2112.69,West
CX2648943814,2024-08-12 14:27:37,TV Ads,1248.46,West
CX8099399609,2024-08-12 23:49:01,Email,4935.38,East
CX8915256582,2024-08-14 13:05:15,TV Ads,4586.84,North
CX4671697118,2024-08-15 07:03:10,TV Ads,1549.86,South
CX7382340840,2024-08-15 23:41:55,Paid Search,546.4,South
CX8633319438,2024-08-17 08:18:22,Social Media,4209.31,South
CX5009100454,2024-08-17 09:45:05,Email,1393.03,North
CX6404288743,2024-08-19 02:45:26,Paid Search,1061.17,South
CX4627921272,2024-08-21 01:25:48,Paid Search,922.31,East
CX8443916570,2024-08-21 13:22:03,TV Ads,4041.99,North
CX8491982587,2024-08-21 16:27:31,Influencers,783.64,West
CX8672653387,2024-08-21 18:34:57,Social Media,2794.25,West
CX2743492597,2024-08-22 02:19:29,Influencers,2798.07,North
CX2281929040,2024-08-22 21:54:38,Email,4499.88,West
CX4398460173,2024-08-23 03:37:24,TV Ads,3144.34,South
CX5549901514,2024-08-24 08:12:52,Paid Search,2714.37,West
CX7819549211,2024-08-24 08:38:28,Paid Search,1063.03,East
CX2579212619,2024-08-24 22:42:08,TV Ads,3597.76,South
CX2201778813,2024-08-24 23:50:15,Social Media,1499.46,West
CX4483878743,2024-08-25 18:31:30,Social Media,2581.52,North
CX1875787474,2024-08-26 14:30:33,Influencers,2985.71,North
CX1342536015,2024-08-27 03:51:00,TV Ads,1373.86,East
CX5018146957,2024-08-29 11:08:56,Influencers,2786.42,North
CX7669539843,2024-08-29 18:38:45,Email,2172.06,North
CX6489603702,2024-09-03 01:15:29,Social Media,2639.19,East
CX8151815744,2024-09-03 02:46:58,Social Media,4456.06,North
CX5075417101,2024-09-04 09:38:02,Social Media,2857.67,West
CX9247598836,2024-09-04 23:40:15,TV Ads,2405.01,South
CX6988741937,2024-09-05 00:22:43,Social Media,2800.07,West
CX9883633351,2024-09-05 15:09:33,Paid Search,4171.46,West
CX1525454108,2024-09-06 11:24:44,Influencers,2559.66,West
CX3905371311,2024-09-07 05:06:43,Paid Search,4019.55,North
CX5713816094,2024-09-11 09:01:18,Social Media,4583.84,East
CX4544670339,2024-09-11 12:56:34,Paid Search,1406.68,West
CX1853022403,2024-09-12 00:03:53,Paid Search,3488.08,West
CX9336372353,2024-09-12 07:21:54,Influencers,1004.46,West
CX6575016879,2024-09-14 02:54:01,Paid Search,1546.99,West
CX1991903756,2024-09-15 00:31:10,TV Ads,2965.37,South
CX3166785902,2024-09-15 09:51:29,Social Media,3298.36,West
CX7698079714,2024-09-15 19:14:25,Paid Search,2429.51,North
CX8892607816,2024-09-15 19:28:24,TV Ads,561.3,South
CX5422745175,2024-09-15 23:53:25,Paid Search,3227.61,South
CX6089692300,2024-09-16 00:28:47,Email,2688.37,North
CX2427484756,2024-09-16 22:35:37,Paid Search,1040.66,West
CX3756284343,2024-09-17 00:55:28,Paid Search,2260.34,South
CX4073541312,2024-09-17 19:48:09,Paid Search,2589.05,West
CX4462305990,2024-09-17 22:55:25,Email,1084.15,South
CX2402866960,2024-09-18 11:20:50,Paid Search,1053.45,East
CX3650125444,2024-09-20 02:53:13,TV Ads,4034.47,East
CX8931895003,2024-09-20 03:06:38,Email,1190.91,South
CX5044284837,2024-09-21 11:26:55,Social Media,2952.03,East
CX5649939448,2024-09-22 22:08:14,Paid Search,692.04,West
CX2947374318,2024-09-23 21:29:33,Email,4204.49,West
CX7590343681,2024-09-24 14:58:33,Email,4137.7,South
CX2415608824,2024-09-25 08:54:21,TV Ads,760.39,South
CX4682557018,2024-09-26 09:12:48,Social Media,1686.18,East
CX6633059332,2024-09-27 08:27:08,Influencers,1606.87,West
CX5221978840,2024-09-27 23:26:10,Paid Search,2708.31,East
CX6327315657,2024-09-28 13:25:40,TV Ads,549.25,West
CX8354115596,2024-09-30 03:00:03,Paid Search,2384.12,West
CX2688791467,2024-09-30 07:41:08,Email,856.46,South
CX6328171997,2024-09-30 22:42:47,Social Media,549.52,West
CX5276019572,2024-10-01 06:33:38,Influencers,4424.68,West
CX7123457902,2024-10-01 08:40:12,TV Ads,3123.91,South
CX6818438598,2024-10-02 06:38:36,Email,940.04,East
CX7963426360,2024-10-03 16:48:39,Social Media,2408.09,West
CX2914837068,2024-10-03 19:18:49,TV Ads,4509.73,East
CX3009218591,2024-10-04 18:45:04,Social Media,1873.07,South
CX8992540087,2024-10-04 23:44:04,Social Media,997.52,West
CX4438484077,2024-10-05 00:32:29,Paid Search,922.78,North
CX5543859867,2024-10-07 06:10:15,Paid Search,4340.93,East
CX8070191254,2024-10-09 14:31:57,TV Ads,1565.4,East
CX9903387207,2024-10-09 16:44:56,Influencers,740.85,South
CX5679115001,2024-10-10 10:09:11,Paid Search,4576.52,East
CX3475362934,2024-10-12 07:09:06,Social Media,3441.9,South
CX3793996382,2024-10-13 07:46:48,Influencers,3231.81,West
CX7556274283,2024-10-13 10:11:06,TV Ads,3207.97,West
CX8168700668,2024-10-15 17:51:50,Influencers,4541.66,South
CX1937211685,2024-10-19 01:48:09,TV Ads,672.73,North
CX3176065441,2024-10-20 04:01:44,Email,735.97,South
CX4727165370,2024-10-23 21:28:22,Influencers,4875.87,South
CX3045087868,2024-10-25 05:55:10,Paid Search,4031.6,West
CX7562851390,2024-10-25 11:16:12,Paid Search,2919.46,South
CX2796231353,2024-10-26 23:27:54,Social Media,2170.59,East
CX1627889227,2024-10-30 05:10:25,Email,3836.63,West
CX6495894536,2024-10-30 15:32:59,Paid Search,3533.88,East
CX8052272771,2024-10-31 04:45:29,Social Media,1685.94,East
CX1383486036,2024-10-31 15:48:04,Email,2707.25,South
CX5403344638,2024-10-31 19:15:11,TV Ads,716.13,South
CX2870029278,2024-11-02 00:43:06,Paid Search,4880.22,East
CX6812492011,2024-11-02 02:53:56,Email,4077.94,East
CX5884377479,2024-11-02 16:33:19,Paid Search,2604.66,North
CX3085363966,2024-11-02 19:58:49,Paid Search,2930.66,East
CX8470250981,2024-11-03 14:52:58,Email,1475.39,South
CX1072766943,2024-11-06 01:30:15,Paid Search,2867.76,West
CX3463688897,2024-11-07 06:38:11,Influencers,4798.99,East
CX5919456554,2024-11-08 02:21:46,Social Media,1322.94,North
CX3388195816,2024-11-08 13:04:49,TV Ads,4063.69,East
CX2861150003,2024-11-09 05:42:25,Influencers,2302.92,East
CX4814387161,2024-11-09 13:52:44,TV Ads,2404.57,West
CX2925349529,2024-11-11 21:22:37,Paid Search,1157.01,East
CX1075708634,2024-11-13 02:32:05,Social Media,4579.63,North
CX1692061459,2024-11-14 11:02:00,Social Media,2489.93,East
CX9656450893,2024-11-15 16:38:14,Influencers,777.67,North
CX1817319303,2024-11-16 15:54:48,Email,1152.09,North
CX5339219343,2024-11-16 17:25:01,Influencers,2839.55,South
CX6271704545,2024-11-17 21:48:03,Email,4578.41,West
CX7423246866,2024-11-20 05:38:14,Email,2119.29,South
CX6562692926,2024-11-22 07:43:21,Email,516.18,North
CX9195226795,2024-11-23 07:44:57,Paid Search,4962.87,South
CX1038811731,2024-11-24 11:50:03,Email,724.26,West
CX8786510197,2024-11-26 18:24:14,Social Media,637.71,South
CX6773149261,2024-11-26 22:42:34,Social Media,3858.34,North
CX8072187726,2024-11-27 16:22:41,Paid Search,2630.37,South
CX9860933428,2024-11-28 02:09:26,Social Media,2269.14,East
CX1928088743,2024-11-29 07:54:03,Influencers,4416.17,South
CX3384310473,2024-11-29 12:26:05,Social Media,4490.56,East
CX1024670002,2024-12-01 03:46:03,Email,4952.14,West
CX9848041897,2024-12-01 16:52:24,TV Ads,4704.9,East
CX9803243296,2024-12-01 23:03:37,Influencers,1577.36,East
CX6830914227,2024-12-03 16:09:34,Email,3010.56,East
CX1141275317,2024-12-07 17:33:35,TV Ads,4007.15,East
CX2360956517,2024-12-08 01:37:58,TV Ads,1955.04,West
CX6196419795,2024-12-09 08:00:58,Influencers,3951.27,North
CX6485828824,2024-12-09 10:46:54,TV Ads,3973.49,West
CX7025987048,2024-12-10 09:59:02,Paid Search,4523.94,East
CX8783586478,2024-12-12 07:41:47,Influencers,606.85,North
CX2932903541,2024-12-13 02:21:35,Social Media,4632.66,North
CX5769437604,2024-12-13 18:45:58,Influencers,3509.58,North
CX1237633138,2024-12-16 23:58:42,Influencers,2887.33,West
CX4443529300,2024-12-17 04:09:30,TV Ads,2859.79,North
CX5623523045,2024-12-22 16:03:33,Influencers,3404.35,West
CX4511074810,2024-12-23 17:15:49,Influencers,810.34,East
CX6086666076,2024-12-25 06:36:24,Influencers,3619.9,South
CX4019428386,2024-12-25 08:23:19,Email,3753.25,South
CX6274905860,2024-12-25 22:50:57,TV Ads,4543.94,North
CX5778835895,2024-12-26 00:06:52,Paid Search,3662.46,East
CX7253243325,2024-12-26 12:22:32,Social Media,4890.96,East
CX1423816561,2024-12-27 01:06:31,Social Media,3403.71,South
CX3793407014,2024-12-28 04:03:20,TV Ads,4947.9,West
CX6690970141,2024-12-28 08:29:54,TV Ads,4139.99,North
CX6150567013,2024-12-29 03:31:45,Paid Search,2608.91,South
CX8897451534,2024-12-29 19:12:05,TV Ads,1791.22,West
CX2899044457,2024-12-30 18:31:36,Email,1481.05,North
